{
  "language": "Solidity",
  "sources": {
    "src/ERC20Helper.sol": {
      "urls": ["src/ERC20Helper.sol"]
    }
  },
  "settings": {
    "optimizer": {
      "enabled": true,
      "runs": 200
    },
    "outputSelection": {
      "*": {
        "*": [
          "abi",
          "devdoc",
          "userdoc",
          "metadata",
          "evm.bytecode",
          "evm.deployedBytecode",
          "evm.gasEstimates"
        ],
        "": [
          "ast"
        ]
      }
    },
    "metadata": {
      "bytecodeHash": "none"
    }
  }
}
