{
    "language": "Solidity",
    "sources": {
       "contracts/Liquidator.sol": {
        "urls": ["contracts/Liquidator.sol"]
      },
      "contracts/UniswapV2Strategy.sol": {
        "urls": ["contracts/UniswapV2Strategy.sol"]
      },
      "contracts/SushiswapStrategy.sol": {
        "urls": ["contracts/SushiswapStrategy.sol"]
      },
      "contracts/test/Liquidator.t.sol": {
        "urls": ["contracts/test/Liquidator.t.sol"]
      }
    },
    "settings": {
      "optimizer": {
        "enabled": true,
        "runs": 200
      },
      "outputSelection": {
        "*": {
          "*": [
            "abi",
            "evm.bytecode",
            "evm.deployedBytecode"
          ],
          "": ["ast"]
        }
      },
      "metadata": {
        "bytecodeHash": "none"
      }
    }
  }
